titre,url,categorie
Mégafeu en Gironde : 5 millions de masques FFP2 livrés en pharmacie pour protéger les habitants exposés aux fumées,https://www.nicematin.com/sante/megafeu-en-gironde-5-millions-de-masques-ffp2-livres-en-pharmacie-pour-proteger-les-habitants-exposes-aux-fumees-10696801,France - Santé
"« Nous sommes à bout de souffle » : après 34 opérations de nettoyage dans les Alpes-Maritimes, cette association écologique effectue sa toute dernière mission au-dessus de Grasse",https://www.nicematin.com/environnement/nous-sommes-a-bout-de-souffle-apres-34-operations-de-nettoyage-dans-les-alpes-maritimes-cette-association-ecologique-effectue-sa-toute-derniere-mission-au-dessus-de-grasse-10696503,Roquefort-les-Pins - Environnement
"À Tende, le salon du « vrai vin » réunit des vignerons artisans venus de plusieurs pays d’Europe",https://www.nicematin.com/loisirs/gastronomie/a-tende-le-salon-du-vrai-vin-reunit-des-vignerons-artisans-venus-de-plusieurs-pays-d-europe-10696636,Tende - Gastronomie
"Intrusion dans une école à Nice : l’individu présenté à la justice, pas d’apologie du terrorisme retenue",https://www.nicematin.com/societe/justice/intrusion-dans-une-ecole-a-nice-l-individu-presente-a-la-justice-pas-d-apologie-du-terrorisme-retenue-10696783,Nice - Justice
"Décès d’une jeune femme dans un centre d’esthétique à Nice : l’enquête s’oriente vers l’injection illicite d’un produit anesthésique, on fait le point",https://www.nicematin.com/faits-divers/deces-d-une-jeune-femme-dans-un-centre-d-esthetique-a-nice-l-enquete-s-oriente-vers-l-injection-illicite-d-un-produit-anesthesique-on-fait-le-point-10696701,Nice - Faits divers
"Incendies : grâce à son super flair, le chien Goliath permet d’établir si un feu est accidentel ou criminel",https://www.nicematin.com/societe/animaux/incendies-grace-a-son-super-flair-le-chien-goliath-permet-d-etablir-si-un-feu-est-accidentel-ou-criminel-10696689,France - Animaux
"« À une minute près, on ne sauvait pas ces maisons du feu » : le témoignage du capitaine Yann Demaria, chef de la caserne des pompiers de Pégomas sur les incendies dans le Var",https://www.nicematin.com/societe/temoignage/a-une-minute-pres-on-ne-sauvait-pas-ces-maisons-du-feu-le-temoignage-du-capitaine-yann-demaria-chef-de-la-caserne-des-pompiers-de-pegomas-sur-les-incendies-dans-le-var-10696198,Pégomas - Témoignage
"« Il reste prostré » : les premières images des dauphins de Marineland dans leur bassin en Espagne, vive inquiétude des associations pour un dauphin",https://www.nicematin.com/societe/animaux/il-reste-prostre-les-premieres-images-des-dauphins-de-marineland-dans-leur-bassin-en-espagne-vive-inquietude-des-associations-pour-un-dauphin-10696024,Antibes - Animaux
Du port Gallice aux yachts au mouillage : la grande aventure de la livraison par drone démarre à Juan-les-Pins,https://www.nicematin.com/societe/technologie/du-port-gallice-aux-yachts-au-mouillage-la-grande-aventure-de-la-livraison-par-drone-demarre-a-juan-les-pins-10694514,Antibes - Technologie
"« Ici, il avait déjà un potentiel d’entraîneur exceptionnel » : David Bettoni, l’ami pour la vie de Zinédine Zidane, raconté par deux anciens proches de l’AS Cannes",https://www.nicematin.com/sports/football/ici-il-avait-deja-un-potentiel-d-entraineur-exceptionnel-david-bettoni-l-ami-pour-la-vie-de-zinedine-zidane-raconte-par-deux-anciens-proches-de-l-as-cannes-10694274,Cannes - Football
L’AS Monaco suit de près l’international mexicain Erik Lira,https://www.nicematin.com/sports/football/l-as-monaco-suit-de-pres-l-international-mexicain-erik-lira-10696774,Monaco - Football
« Une très bonne base de travail »… L’entraîneur de l’AS Cannes Mathieu Chabert dresse le bilan des quatre premiers matchs amicaux de son équipe,https://www.nicematin.com/sports/football/une-tres-bonne-base-de-travail-l-entraineur-de-l-as-cannes-mathieu-chabert-dresse-le-bilan-des-quatre-premiers-matchs-amicaux-de-son-equipe-10696437,Cannes - Football
"Après les Nuits du Sud, Vence retrouve sa Sainte-Élisabeth et son incontournable festin de raviolis",https://www.nicematin.com/loisirs/festivites/apres-les-nuits-du-sud-vence-retrouve-sa-sainte-elisabeth-et-son-incontournable-festin-de-raviolis-10695966,Vence - Festivités
"Produits locaux, distillation et ateliers : la 37e fête de la lavande a tenu toutes ses promesses à Sainte-Agnès",https://www.nicematin.com/loisirs/festivites/produits-locaux-distillation-et-ateliers-la-37e-fete-de-la-lavande-a-tenu-toutes-ses-promesses-a-sainte-agnes-10696668,Sainte-Agnès - Festivités
Pollution à l’ozone : le Var en alerte sur un épisode de contamination de l’air ce mercredi et ce jeudi,https://www.nicematin.com/environnement/pollution-a-l-ozone-le-var-en-alerte-sur-un-episode-de-contamination-de-l-air-ce-mercredi-et-ce-jeudi-10696779,Var - Environnement
« Participer à la préservation des ressources naturelles et à la transition écologique du territoire » : la valorisation des biodéchets prend forme à Sud Sainte Baume,https://www.nicematin.com/societe/vie-locale/participer-a-la-preservation-des-ressources-naturelles-et-a-la-transition-ecologique-du-territoire-la-valorisation-des-biodechets-prend-forme-a-sud-sainte-baume-10695931,Évenos - Vie locale
Théâtre amateur à La Seyne : le Festival du chapeau remonte sur les planches de Balaguier du 1er au 8 août,https://www.nicematin.com/culture/theatre-amateur-a-la-seyne-le-festival-du-chapeau-remonte-sur-les-planches-de-balaguier-du-1er-au-8-aout-10695973,La Seyne-sur-Mer - Culture
"À Ramatuelle, la municipalité mise sur la réserve forestière pour préparer les grands projets de son mandat",https://www.nicematin.com/societe/politique/a-ramatuelle-la-municipalite-mise-sur-la-reserve-forestiere-pour-preparer-les-grands-projets-de-son-mandat-10696274,Ramatuelle - Politique
Interpellés après une course-poursuite à Sainte-Maxime : on sait quand seront jugés les 3 individus soupçonnés de cambriolages en série,https://www.nicematin.com/societe/justice/interpelles-apres-une-course-poursuite-a-sainte-maxime-on-sait-quand-seront-juges-les-3-individus-soupconnes-de-cambriolages-en-serie-10696694,Roquebrune-sur-Argens - Justice
Dernier été dans le Var pour Emmanuel Macron : son ultime séjour présidentiel à Brégançon a commencé,https://www.nicematin.com/societe/politique/dernier-ete-dans-le-var-pour-emmanuel-macron-son-ultime-sejour-presidentiel-a-bregancon-a-commence-10696673,Hyères - Politique
"Lamine Yamal fête sa victoire à la Coupe du monde à Saint-Tropez, découvrez les images",https://www.nicematin.com/culture/people/lamine-yamal-fete-sa-victoire-a-la-coupe-du-monde-a-saint-tropez-decouvrez-les-images-10695910,Saint-Tropez - People
"Erling Haaland, le « cyborg » norvégien, a fêté son anniversaire dans le golfe de Saint-Tropez",https://www.nicematin.com/culture/people/erling-haaland-le-cyborg-norvegien-a-fete-son-anniversaire-a-saint-tropez-10693517,Saint-Tropez - People
Les années folles des Américains sur la Riviera (3/8) : comment la légende Gatsby est née d’un été à Saint-Raphaël,https://www.nicematin.com/societe/histoire/les-annees-folles-des-americains-sur-la-riviera-3-8-comment-la-legende-gatsby-est-nee-d-un-ete-a-saint-raphael-10687304,Saint-Raphaël - Histoire
"Cressa et Volobueva, les rois des Négadis à Draguignan : découvrez le palmarès du grand prix d’été du Tennis club dracénois",https://www.nicematin.com/sports/tennis/cressa-et-volobueva-les-rois-des-negadis-a-draguignan-decouvrez-le-palmares-du-grand-prix-d-ete-du-tennis-club-dracenois-10696020,Draguignan - Tennis
"« L’âme des corsaires, l’identité de Toulon » : le RCT dévoile son nouveau maillot domicile pour la saison 2026-2027",https://www.nicematin.com/sports/rugby/l-ame-des-corsaires-l-identite-de-toulon-le-rct-devoile-son-nouveau-maillot-domicile-pour-la-saison-2026-2027-10696192,Toulon - Rugby
"Discours « cash » du président et de l’entraîneur du club de football de Saint-Tropez, qui accède à la Régional 1 pour cette saison 2026-2027",https://www.nicematin.com/sports/discours-cash-du-president-et-de-l-entraineur-du-club-de-football-de-saint-tropez-qui-accede-a-la-regional-1-pour-cette-saison-2026-2027-10695711,Saint-Tropez - Sports
"Au Mourillon, cette nouvelle adresse réunit chefs invités, DJ sets et table de partage à Toulon",https://www.nicematin.com/loisirs/gastronomie/au-mourillon-cette-nouvelle-adresse-reunit-chefs-invites-dj-sets-et-table-de-partage-a-toulon-10696217,Toulon - Gastronomie
Ce restaurant de Saint-Cyr reçoit un label pour son engagement en faveur des produits locaux,https://www.nicematin.com/loisirs/gastronomie/ce-restaurant-de-saint-cyr-recoit-un-label-pour-son-engagement-en-faveur-des-produits-locaux-10696197,Saint-Cyr-sur-Mer - Gastronomie
"Yohan et Charlotte élus Miss et Mister Levant, ce dimanche au village naturiste d’Héliopolis",https://www.nicematin.com/loisirs/festivites/yohan-et-charlotte-elus-miss-et-mister-levant-ce-dimanche-au-village-naturiste-d-heliopolis-10696032,Hyères - Festivités
